"Label (Grouping)","Ashland city, Oregon!!Estimate","Ashland city, Oregon!!Margin of Error","Ashland city, Oregon!!Percent","Ashland city, Oregon!!Percent Margin of Error","Baker City city, Oregon!!Estimate","Baker City city, Oregon!!Margin of Error","Baker City city, Oregon!!Percent","Baker City city, Oregon!!Percent Margin of Error","Cottage Grove city, Oregon!!Estimate","Cottage Grove city, Oregon!!Margin of Error","Cottage Grove city, Oregon!!Percent","Cottage Grove city, Oregon!!Percent Margin of Error","Eagle Point city, Oregon!!Estimate","Eagle Point city, Oregon!!Margin of Error","Eagle Point city, Oregon!!Percent","Eagle Point city, Oregon!!Percent Margin of Error","Forest Grove city, Oregon!!Estimate","Forest Grove city, Oregon!!Margin of Error","Forest Grove city, Oregon!!Percent","Forest Grove city, Oregon!!Percent Margin of Error","Klamath Falls city, Oregon!!Estimate","Klamath Falls city, Oregon!!Margin of Error","Klamath Falls city, Oregon!!Percent","Klamath Falls city, Oregon!!Percent Margin of Error","Newberg city, Oregon!!Estimate","Newberg city, Oregon!!Margin of Error","Newberg city, Oregon!!Percent","Newberg city, Oregon!!Percent Margin of Error","Newport city, Oregon!!Estimate","Newport city, Oregon!!Margin of Error","Newport city, Oregon!!Percent","Newport city, Oregon!!Percent Margin of Error","North Bend city, Oregon!!Estimate","North Bend city, Oregon!!Margin of Error","North Bend city, Oregon!!Percent","North Bend city, Oregon!!Percent Margin of Error","Ontario city, Oregon!!Estimate","Ontario city, Oregon!!Margin of Error","Ontario city, Oregon!!Percent","Ontario city, Oregon!!Percent Margin of Error","Prineville city, Oregon!!Estimate","Prineville city, Oregon!!Margin of Error","Prineville city, Oregon!!Percent","Prineville city, Oregon!!Percent Margin of Error","Roseburg city, Oregon!!Estimate","Roseburg city, Oregon!!Margin of Error","Roseburg city, Oregon!!Percent","Roseburg city, Oregon!!Percent Margin of Error","Sandy city, Oregon!!Estimate","Sandy city, Oregon!!Margin of Error","Sandy city, Oregon!!Percent","Sandy city, Oregon!!Percent Margin of Error","Silverton city, Oregon!!Estimate","Silverton city, Oregon!!Margin of Error","Silverton city, Oregon!!Percent","Silverton city, Oregon!!Percent Margin of Error","Sweet Home city, Oregon!!Estimate","Sweet Home city, Oregon!!Margin of Error","Sweet Home city, Oregon!!Percent","Sweet Home city, Oregon!!Percent Margin of Error","Tualatin city, Oregon!!Estimate","Tualatin city, Oregon!!Margin of Error","Tualatin city, Oregon!!Percent","Tualatin city, Oregon!!Percent Margin of Error","West Linn city, Oregon!!Estimate","West Linn city, Oregon!!Margin of Error","West Linn city, Oregon!!Percent","West Linn city, Oregon!!Percent Margin of Error"
"HOUSING OCCUPANCY","","","","","","","","","","","","","","","","","","","","","","","","","","","","","","","","","","","","","","","","","","","","","","","","","","","","","","","","","","","","","","","","","","","",""
"    Total housing units","10,705","±418","10,705","(X)","4,699","±147","4,699","(X)","4,226","±244","4,226","(X)","3,943","±353","3,943","(X)","8,810","±431","8,810","(X)","10,050","±317","10,050","(X)","8,711","±420","8,711","(X)","5,694","±251","5,694","(X)","4,217","±221","4,217","(X)","4,789","±220","4,789","(X)","4,415","±259","4,415","(X)","10,997","±409","10,997","(X)","4,094","±202","4,094","(X)","3,965","±266","3,965","(X)","3,836","±265","3,836","(X)","11,338","±343","11,338","(X)","10,102","±288","10,102","(X)"
"        Occupied housing units","9,816","±339","91.7%","±2.0","4,116","±212","87.6%","±3.7","3,968","±220","93.9%","±2.5","3,777","±300","95.8%","±4.5","8,320","±368","94.4%","±2.3","9,015","±297","89.7%","±2.3","8,228","±402","94.5%","±2.2","4,560","±226","80.1%","±3.1","3,837","±184","91.0%","±3.2","4,207","±216","87.8%","±3.4","4,145","±243","93.9%","±2.8","10,322","±343","93.9%","±2.2","3,969","±189","96.9%","±2.7","3,758","±254","94.8%","±2.9","3,603","±282","93.9%","±4.0","10,833","±274","95.5%","±1.8","9,846","±269","97.5%","±1.2"
"        Vacant housing units","889","±228","8.3%","±2.0","583","±176","12.4%","±3.7","258","±112","6.1%","±2.5","166","±183","4.2%","±4.5","490","±211","5.6%","±2.3","1,035","±249","10.3%","±2.3","483","±199","5.5%","±2.2","1,134","±196","19.9%","±3.1","380","±144","9.0%","±3.2","582","±172","12.2%","±3.4","270","±129","6.1%","±2.8","675","±259","6.1%","±2.2","125","±112","3.1%","±2.7","207","±118","5.2%","±2.9","233","±157","6.1%","±4.0","505","±212","4.5%","±1.8","256","±125","2.5%","±1.2"
"        Homeowner vacancy rate","2.1","±1.9","(X)","(X)","2.7","±2.3","(X)","(X)","0.2","±0.4","(X)","(X)","3.4","±5.0","(X)","(X)","0.0","±0.6","(X)","(X)","3.6","±2.5","(X)","(X)","1.7","±1.7","(X)","(X)","1.1","±1.2","(X)","(X)","0.0","±1.4","(X)","(X)","4.8","±3.4","(X)","(X)","0.0","±1.5","(X)","(X)","3.4","±2.2","(X)","(X)","1.8","±2.6","(X)","(X)","1.1","±1.7","(X)","(X)","0.6","±1.0","(X)","(X)","1.6","±1.7","(X)","(X)","0.4","±0.6","(X)","(X)"
"        Rental vacancy rate","2.5","±1.9","(X)","(X)","6.9","±4.9","(X)","(X)","2.1","±2.4","(X)","(X)","6.0","±9.3","(X)","(X)","8.1","±4.8","(X)","(X)","7.9","±2.7","(X)","(X)","2.9","±2.9","(X)","(X)","2.7","±2.2","(X)","(X)","1.5","±2.4","(X)","(X)","4.7","±3.6","(X)","(X)","1.6","±2.4","(X)","(X)","3.2","±2.8","(X)","(X)","0.0","±2.6","(X)","(X)","0.0","±2.5","(X)","(X)","9.7","±8.4","(X)","(X)","4.2","±2.3","(X)","(X)","0.8","±1.3","(X)","(X)"
"UNITS IN STRUCTURE","","","","","","","","","","","","","","","","","","","","","","","","","","","","","","","","","","","","","","","","","","","","","","","","","","","","","","","","","","","","","","","","","","","",""
"    Total housing units","10,705","±418","10,705","(X)","4,699","±147","4,699","(X)","4,226","±244","4,226","(X)","3,943","±353","3,943","(X)","8,810","±431","8,810","(X)","10,050","±317","10,050","(X)","8,711","±420","8,711","(X)","5,694","±251","5,694","(X)","4,217","±221","4,217","(X)","4,789","±220","4,789","(X)","4,415","±259","4,415","(X)","10,997","±409","10,997","(X)","4,094","±202","4,094","(X)","3,965","±266","3,965","(X)","3,836","±265","3,836","(X)","11,338","±343","11,338","(X)","10,102","±288","10,102","(X)"
"        1-unit, detached","6,754","±407","63.1%","±2.7","3,402","±218","72.4%","±4.4","2,886","±277","68.3%","±4.5","2,916","±402","74.0%","±6.8","5,320","±369","60.4%","±2.9","6,411","±304","63.8%","±3.0","5,619","±353","64.5%","±2.9","3,116","±212","54.7%","±3.1","3,003","±216","71.2%","±4.3","2,590","±226","54.1%","±4.2","2,970","±294","67.3%","±5.1","6,692","±484","60.9%","±3.8","2,866","±211","70.0%","±4.4","2,908","±238","73.3%","±4.4","2,684","±304","70.0%","±6.0","5,855","±244","51.6%","±1.6","7,787","±286","77.1%","±2.4"
"        1-unit, attached","936","±185","8.7%","±1.7","70","±56","1.5%","±1.2","321","±104","7.6%","±2.5","382","±215","9.7%","±5.3","391","±163","4.4%","±1.9","689","±192","6.9%","±1.9","430","±165","4.9%","±1.8","391","±109","6.9%","±1.9","163","±102","3.9%","±2.4","129","±64","2.7%","±1.3","71","±64","1.6%","±1.4","509","±193","4.6%","±1.7","347","±105","8.5%","±2.6","234","±124","5.9%","±3.1","62","±52","1.6%","±1.3","818","±165","7.2%","±1.5","584","±131","5.8%","±1.3"
"        2 units","372","±104","3.5%","±1.0","150","±72","3.2%","±1.5","166","±71","3.9%","±1.7","54","±71","1.4%","±1.8","414","±171","4.7%","±1.9","470","±139","4.7%","±1.4","374","±163","4.3%","±1.8","313","±119","5.5%","±2.1","110","±59","2.6%","±1.4","474","±149","9.9%","±3.0","245","±103","5.5%","±2.3","370","±147","3.4%","±1.3","59","±44","1.4%","±1.1","80","±57","2.0%","±1.4","72","±98","1.9%","±2.5","115","±72","1.0%","±0.6","342","±152","3.4%","±1.5"
"        3 or 4 units","825","±216","7.7%","±2.0","173","±78","3.7%","±1.7","235","±104","5.6%","±2.4","158","±108","4.0%","±2.7","549","±235","6.2%","±2.6","619","±170","6.2%","±1.7","231","±97","2.7%","±1.1","355","±116","6.2%","±2.0","131","±75","3.1%","±1.8","257","±87","5.4%","±1.8","258","±142","5.8%","±3.2","626","±200","5.7%","±1.8","81","±55","2.0%","±1.3","373","±136","9.4%","±3.2","21","±34","0.5%","±0.9","569","±145","5.0%","±1.3","485","±166","4.8%","±1.7"
"        5 to 9 units","527","±185","4.9%","±1.7","158","±80","3.4%","±1.7","141","±80","3.3%","±1.9","27","±45","0.7%","±1.1","409","±185","4.6%","±2.1","304","±105","3.0%","±1.0","519","±178","6.0%","±2.0","418","±123","7.3%","±2.2","202","±87","4.8%","±2.0","154","±67","3.2%","±1.4","263","±123","6.0%","±2.8","310","±135","2.8%","±1.2","119","±84","2.9%","±2.0","75","±78","1.9%","±2.0","161","±128","4.2%","±3.3","1,084","±240","9.6%","±2.0","294","±122","2.9%","±1.2"
"        10 to 19 units","369","±115","3.4%","±1.0","161","±93","3.4%","±2.0","117","±66","2.8%","±1.5","0","±17","0.0%","±0.8","244","±128","2.8%","±1.5","334","±128","3.3%","±1.2","274","±136","3.1%","±1.5","223","±82","3.9%","±1.4","77","±58","1.8%","±1.4","174","±71","3.6%","±1.5","29","±33","0.7%","±0.7","481","±195","4.4%","±1.8","237","±128","5.8%","±3.0","112","±78","2.8%","±1.9","107","±58","2.8%","±1.5","888","±216","7.8%","±1.9","278","±106","2.8%","±1.0"
"        20 or more units","598","±143","5.6%","±1.3","186","±82","4.0%","±1.7","138","±51","3.3%","±1.2","133","±115","3.4%","±2.9","973","±209","11.0%","±2.3","795","±166","7.9%","±1.6","581","±204","6.7%","±2.3","324","±75","5.7%","±1.3","487","±170","11.5%","±3.9","481","±125","10.0%","±2.6","293","±106","6.6%","±2.4","1,097","±238","10.0%","±2.2","152","±79","3.7%","±1.9","26","±31","0.7%","±0.8","60","±56","1.6%","±1.5","1,891","±273","16.7%","±2.4","268","±124","2.7%","±1.2"
"        Mobile home","225","±105","2.1%","±1.0","399","±95","8.5%","±2.0","222","±104","5.3%","±2.5","273","±157","6.9%","±4.2","510","±138","5.8%","±1.6","428","±126","4.3%","±1.2","626","±176","7.2%","±2.0","478","±120","8.4%","±2.0","44","±42","1.0%","±1.0","530","±143","11.1%","±2.9","252","±126","5.7%","±2.9","912","±195","8.3%","±1.7","233","±87","5.7%","±2.1","157","±85","4.0%","±2.1","669","±197","17.4%","±5.3","95","±56","0.8%","±0.5","64","±54","0.6%","±0.5"
"        Boat, RV, van, etc.","99","±90","0.9%","±0.8","0","±17","0.0%","±0.7","0","±19","0.0%","±0.8","0","±17","0.0%","±0.8","0","±22","0.0%","±0.4","0","±22","0.0%","±0.3","57","±55","0.7%","±0.6","76","±40","1.3%","±0.7","0","±17","0.0%","±0.8","0","±19","0.0%","±0.7","34","±39","0.8%","±0.9","0","±22","0.0%","±0.3","0","±19","0.0%","±0.8","0","±19","0.0%","±0.8","0","±17","0.0%","±0.8","23","±28","0.2%","±0.2","0","±22","0.0%","±0.3"
"YEAR STRUCTURE BUILT","","","","","","","","","","","","","","","","","","","","","","","","","","","","","","","","","","","","","","","","","","","","","","","","","","","","","","","","","","","","","","","","","","","",""
"    Total housing units","10,705","±418","10,705","(X)","4,699","±147","4,699","(X)","4,226","±244","4,226","(X)","3,943","±353","3,943","(X)","8,810","±431","8,810","(X)","10,050","±317","10,050","(X)","8,711","±420","8,711","(X)","5,694","±251","5,694","(X)","4,217","±221","4,217","(X)","4,789","±220","4,789","(X)","4,415","±259","4,415","(X)","10,997","±409","10,997","(X)","4,094","±202","4,094","(X)","3,965","±266","3,965","(X)","3,836","±265","3,836","(X)","11,338","±343","11,338","(X)","10,102","±288","10,102","(X)"
"        Built 2014 or later","175","±93","1.6%","±0.9","0","±17","0.0%","±0.7","30","±31","0.7%","±0.7","59","±69","1.5%","±1.7","331","±131","3.8%","±1.4","90","±65","0.9%","±0.6","169","±94","1.9%","±1.1","6","±9","0.1%","±0.2","0","±17","0.0%","±0.8","7","±10","0.1%","±0.2","47","±45","1.1%","±1.0","36","±40","0.3%","±0.4","282","±101","6.9%","±2.5","116","±64","2.9%","±1.6","15","±24","0.4%","±0.6","343","±100","3.0%","±0.9","90","±60","0.9%","±0.6"
"        Built 2010 to 2013","195","±92","1.8%","±0.9","117","±88","2.5%","±1.9","99","±59","2.3%","±1.4","54","±64","1.4%","±1.6","387","±127","4.4%","±1.4","84","±60","0.8%","±0.6","280","±109","3.2%","±1.3","113","±68","2.0%","±1.2","23","±26","0.5%","±0.6","15","±18","0.3%","±0.4","51","±43","1.2%","±1.0","248","±124","2.3%","±1.2","109","±68","2.7%","±1.6","79","±54","2.0%","±1.3","16","±32","0.4%","±0.8","144","±57","1.3%","±0.5","207","±90","2.0%","±0.9"
"        Built 2000 to 2009","1,364","±255","12.7%","±2.3","540","±129","11.5%","±2.7","509","±112","12.0%","±2.5","1,837","±378","46.6%","±8.4","1,100","±163","12.5%","±1.9","654","±161","6.5%","±1.6","1,650","±237","18.9%","±2.6","519","±121","9.1%","±2.1","136","±68","3.2%","±1.6","306","±96","6.4%","±1.9","837","±194","19.0%","±4.1","826","±167","7.5%","±1.6","1,565","±224","38.2%","±5.0","1,040","±230","26.2%","±5.2","530","±172","13.8%","±4.2","1,539","±222","13.6%","±1.9","1,586","±196","15.7%","±2.0"
"        Built 1990 to 1999","1,657","±280","15.5%","±2.6","589","±136","12.5%","±2.9","562","±134","13.3%","±3.0","910","±262","23.1%","±6.6","1,826","±311","20.7%","±3.4","1,127","±209","11.2%","±2.1","1,529","±302","17.6%","±3.3","933","±162","16.4%","±2.6","360","±113","8.5%","±2.6","661","±162","13.8%","±3.3","981","±212","22.2%","±4.8","1,692","±322","15.4%","±2.8","554","±150","13.5%","±3.6","440","±151","11.1%","±3.6","550","±172","14.3%","±4.4","3,607","±335","31.8%","±2.7","2,394","±285","23.7%","±2.6"
"        Built 1980 to 1989","1,494","±282","14.0%","±2.5","207","±96","4.4%","±2.0","239","±93","5.7%","±2.2","330","±220","8.4%","±5.5","926","±181","10.5%","±2.1","745","±195","7.4%","±1.9","1,169","±254","13.4%","±2.9","958","±191","16.8%","±3.1","323","±112","7.7%","±2.6","612","±160","12.8%","±3.2","111","±81","2.5%","±1.8","1,109","±245","10.1%","±2.2","428","±149","10.5%","±3.5","188","±108","4.7%","±2.8","154","±123","4.0%","±3.3","2,523","±250","22.3%","±2.1","1,749","±256","17.3%","±2.5"
"        Built 1970 to 1979","1,883","±287","17.6%","±2.5","624","±142","13.3%","±2.9","823","±159","19.5%","±3.8","382","±179","9.7%","±4.4","1,686","±284","19.1%","±3.0","1,925","±290","19.2%","±2.7","1,515","±270","17.4%","±3.0","1,301","±174","22.8%","±3.1","1,006","±194","23.9%","±4.3","1,233","±214","25.7%","±4.3","743","±195","16.8%","±4.1","2,037","±328","18.5%","±2.9","734","±158","17.9%","±3.9","540","±141","13.6%","±3.7","734","±196","19.1%","±5.4","2,661","±215","23.5%","±1.9","2,263","±266","22.4%","±2.5"
"        Built 1960 to 1969","1,153","±235","10.8%","±2.2","284","±87","6.0%","±1.9","467","±124","11.1%","±2.9","111","±97","2.8%","±2.4","655","±180","7.4%","±2.0","850","±162","8.5%","±1.6","700","±173","8.0%","±2.0","605","±123","10.6%","±2.2","540","±152","12.8%","±3.6","639","±169","13.3%","±3.6","189","±123","4.3%","±2.8","829","±213","7.5%","±1.9","73","±52","1.8%","±1.3","280","±119","7.1%","±3.0","462","±173","12.0%","±4.3","374","±131","3.3%","±1.1","602","±181","6.0%","±1.7"
"        Built 1950 to 1959","663","±136","6.2%","±1.3","415","±103","8.8%","±2.1","400","±106","9.5%","±2.5","57","±65","1.4%","±1.6","639","±139","7.3%","±1.5","968","±204","9.6%","±2.1","311","±160","3.6%","±1.8","541","±122","9.5%","±2.1","689","±159","16.3%","±3.5","417","±133","8.7%","±2.7","660","±183","14.9%","±4.1","1,859","±298","16.9%","±2.5","25","±38","0.6%","±0.9","197","±108","5.0%","±2.7","348","±137","9.1%","±3.5","25","±22","0.2%","±0.2","543","±146","5.4%","±1.5"
"        Built 1940 to 1949","447","±116","4.2%","±1.1","500","±118","10.6%","±2.5","235","±78","5.6%","±1.8","75","±71","1.9%","±1.8","532","±143","6.0%","±1.6","1,174","±192","11.7%","±1.9","459","±166","5.3%","±1.9","273","±88","4.8%","±1.5","541","±153","12.8%","±3.6","457","±156","9.5%","±3.2","333","±137","7.5%","±3.0","1,138","±266","10.3%","±2.4","121","±81","3.0%","±2.0","281","±121","7.1%","±3.0","694","±219","18.1%","±5.3","57","±47","0.5%","±0.4","177","±82","1.8%","±0.8"
"        Built 1939 or earlier","1,674","±242","15.6%","±2.2","1,423","±175","30.3%","±3.6","862","±164","20.4%","±3.7","128","±114","3.2%","±2.9","728","±143","8.3%","±1.6","2,433","±258","24.2%","±2.5","929","±229","10.7%","±2.6","445","±113","7.8%","±1.9","599","±123","14.2%","±2.9","442","±117","9.2%","±2.5","463","±154","10.5%","±3.5","1,223","±266","11.1%","±2.4","203","±89","5.0%","±2.2","804","±204","20.3%","±5.0","333","±160","8.7%","±4.1","65","±38","0.6%","±0.3","491","±135","4.9%","±1.3"
"ROOMS","","","","","","","","","","","","","","","","","","","","","","","","","","","","","","","","","","","","","","","","","","","","","","","","","","","","","","","","","","","","","","","","","","","",""
"    Total housing units","10,705","±418","10,705","(X)","4,699","±147","4,699","(X)","4,226","±244","4,226","(X)","3,943","±353","3,943","(X)","8,810","±431","8,810","(X)","10,050","±317","10,050","(X)","8,711","±420","8,711","(X)","5,694","±251","5,694","(X)","4,217","±221","4,217","(X)","4,789","±220","4,789","(X)","4,415","±259","4,415","(X)","10,997","±409","10,997","(X)","4,094","±202","4,094","(X)","3,965","±266","3,965","(X)","3,836","±265","3,836","(X)","11,338","±343","11,338","(X)","10,102","±288","10,102","(X)"
"        1 room","474","±137","4.4%","±1.2","140","±89","3.0%","±1.9","49","±33","1.2%","±0.8","0","±17","0.0%","±0.8","293","±127","3.3%","±1.4","327","±114","3.3%","±1.1","281","±136","3.2%","±1.5","259","±88","4.5%","±1.5","99","±75","2.3%","±1.7","245","±96","5.1%","±2.0","183","±101","4.1%","±2.2","489","±173","4.4%","±1.5","55","±78","1.3%","±1.9","26","±42","0.7%","±1.1","35","±41","0.9%","±1.1","370","±166","3.3%","±1.4","97","±72","1.0%","±0.7"
"        2 rooms","677","±186","6.3%","±1.7","191","±77","4.1%","±1.6","121","±54","2.9%","±1.3","110","±105","2.8%","±2.7","277","±117","3.1%","±1.3","470","±138","4.7%","±1.3","235","±118","2.7%","±1.3","332","±96","5.8%","±1.6","149","±99","3.5%","±2.3","204","±113","4.3%","±2.3","224","±131","5.1%","±2.9","452","±145","4.1%","±1.3","58","±46","1.4%","±1.1","84","±72","2.1%","±1.8","37","±42","1.0%","±1.1","718","±208","6.3%","±1.8","222","±127","2.2%","±1.2"
"        3 rooms","1,057","±223","9.9%","±2.1","522","±164","11.1%","±3.4","270","±121","6.4%","±2.8","88","±86","2.2%","±2.2","617","±175","7.0%","±2.0","1,309","±216","13.0%","±2.1","334","±154","3.8%","±1.7","540","±121","9.5%","±2.1","530","±168","12.6%","±3.8","464","±137","9.7%","±2.8","334","±144","7.6%","±3.3","1,048","±294","9.5%","±2.6","223","±127","5.4%","±3.0","220","±130","5.5%","±3.1","347","±152","9.0%","±3.9","1,185","±198","10.5%","±1.8","406","±138","4.0%","±1.3"
"        4 rooms","1,979","±316","18.5%","±2.7","829","±195","17.6%","±4.2","1,071","±181","25.3%","±4.2","890","±341","22.6%","±8.4","1,620","±283","18.4%","±2.8","2,161","±307","21.5%","±2.8","1,623","±298","18.6%","±3.3","1,185","±214","20.8%","±3.6","601","±144","14.3%","±3.2","1,159","±196","24.2%","±3.8","929","±254","21.0%","±5.2","2,328","±373","21.2%","±3.2","835","±197","20.4%","±4.7","527","±145","13.3%","±3.5","801","±259","20.9%","±6.6","1,994","±286","17.6%","±2.5","1,108","±239","11.0%","±2.3"
"        5 rooms","1,981","±271","18.5%","±2.4","788","±166","16.8%","±3.5","1,057","±193","25.0%","±4.2","1,173","±366","29.7%","±8.3","1,558","±259","17.7%","±3.2","1,900","±283","18.9%","±2.8","1,783","±257","20.5%","±2.9","1,331","±220","23.4%","±3.7","899","±181","21.3%","±4.3","1,105","±174","23.1%","±3.7","1,123","±228","25.4%","±5.6","1,958","±351","17.8%","±3.1","999","±164","24.4%","±3.8","880","±191","22.2%","±5.0","1,112","±272","29.0%","±6.8","1,483","±221","13.1%","±1.9","1,221","±234","12.1%","±2.4"
"        6 rooms","1,525","±264","14.2%","±2.4","909","±155","19.3%","±3.4","745","±142","17.6%","±3.3","746","±255","18.9%","±6.6","1,420","±231","16.1%","±2.4","1,817","±225","18.1%","±2.3","1,692","±289","19.4%","±3.2","915","±153","16.1%","±2.7","762","±174","18.1%","±4.0","640","±139","13.4%","±2.8","604","±149","13.7%","±3.3","2,151","±328","19.6%","±2.9","810","±161","19.8%","±3.8","888","±176","22.4%","±4.1","744","±219","19.4%","±5.4","1,507","±241","13.3%","±2.2","1,388","±286","13.7%","±2.8"
"        7 rooms","1,342","±236","12.5%","±2.2","626","±148","13.3%","±3.1","403","±99","9.5%","±2.2","401","±143","10.2%","±3.6","1,367","±222","15.5%","±2.5","980","±183","9.8%","±1.9","1,034","±211","11.9%","±2.5","444","±98","7.8%","±1.8","474","±124","11.2%","±2.9","456","±109","9.5%","±2.2","552","±179","12.5%","±3.8","1,098","±261","10.0%","±2.5","585","±163","14.3%","±3.9","389","±107","9.8%","±2.7","470","±136","12.3%","±3.4","1,193","±211","10.5%","±1.8","1,230","±206","12.2%","±1.9"
"        8 rooms","900","±197","8.4%","±1.8","215","±76","4.6%","±1.6","228","±71","5.4%","±1.6","223","±140","5.7%","±3.5","658","±142","7.5%","±1.6","443","±123","4.4%","±1.2","827","±176","9.5%","±1.9","451","±123","7.9%","±2.1","374","±108","8.9%","±2.7","252","±79","5.3%","±1.6","278","±97","6.3%","±2.2","759","±178","6.9%","±1.6","152","±76","3.7%","±1.9","548","±148","13.8%","±3.5","133","±63","3.5%","±1.7","1,063","±155","9.4%","±1.4","1,609","±225","15.9%","±2.2"
"        9 rooms or more","770","±134","7.2%","±1.3","479","±116","10.2%","±2.4","282","±94","6.7%","±2.2","312","±177","7.9%","±4.5","1,000","±180","11.4%","±2.0","643","±131","6.4%","±1.3","902","±214","10.4%","±2.4","237","±73","4.2%","±1.3","329","±103","7.8%","±2.4","264","±76","5.5%","±1.6","188","±85","4.3%","±2.0","714","±176","6.5%","±1.6","377","±123","9.2%","±3.1","403","±121","10.2%","±3.1","157","±89","4.1%","±2.3","1,825","±183","16.1%","±1.6","2,821","±273","27.9%","±2.8"
"        Median rooms","5.1","±0.2","(X)","(X)","5.3","±0.3","(X)","(X)","5.1","±0.2","(X)","(X)","5.3","±0.3","(X)","(X)","5.5","±0.2","(X)","(X)","4.9","±0.2","(X)","(X)","5.6","±0.2","(X)","(X)","4.9","±0.1","(X)","(X)","5.3","±0.3","(X)","(X)","4.8","±0.2","(X)","(X)","5.0","±0.2","(X)","(X)","5.1","±0.2","(X)","(X)","5.4","±0.2","(X)","(X)","5.8","±0.2","(X)","(X)","5.1","±0.2","(X)","(X)","5.4","±0.2","(X)","(X)","7.0","±0.3","(X)","(X)"
"BEDROOMS","","","","","","","","","","","","","","","","","","","","","","","","","","","","","","","","","","","","","","","","","","","","","","","","","","","","","","","","","","","","","","","","","","","",""
"    Total housing units","10,705","±418","10,705","(X)","4,699","±147","4,699","(X)","4,226","±244","4,226","(X)","3,943","±353","3,943","(X)","8,810","±431","8,810","(X)","10,050","±317","10,050","(X)","8,711","±420","8,711","(X)","5,694","±251","5,694","(X)","4,217","±221","4,217","(X)","4,789","±220","4,789","(X)","4,415","±259","4,415","(X)","10,997","±409","10,997","(X)","4,094","±202","4,094","(X)","3,965","±266","3,965","(X)","3,836","±265","3,836","(X)","11,338","±343","11,338","(X)","10,102","±288","10,102","(X)"
"        No bedroom","539","±137","5.0%","±1.2","152","±89","3.2%","±1.9","59","±35","1.4%","±0.8","0","±17","0.0%","±0.8","293","±127","3.3%","±1.4","359","±119","3.6%","±1.2","281","±136","3.2%","±1.5","285","±93","5.0%","±1.6","109","±76","2.6%","±1.8","245","±96","5.1%","±2.0","196","±102","4.4%","±2.3","521","±179","4.7%","±1.6","71","±80","1.7%","±2.0","26","±42","0.7%","±1.1","61","±56","1.6%","±1.5","391","±169","3.4%","±1.5","107","±74","1.1%","±0.7"
"        1 bedroom","1,512","±291","14.1%","±2.6","684","±166","14.6%","±3.5","368","±103","8.7%","±2.3","197","±120","5.0%","±3.0","723","±224","8.2%","±2.5","1,602","±235","15.9%","±2.2","446","±150","5.1%","±1.6","621","±129","10.9%","±2.1","343","±117","8.1%","±2.7","484","±142","10.1%","±2.8","470","±164","10.6%","±3.6","1,271","±269","11.6%","±2.4","158","±75","3.9%","±1.8","269","±136","6.8%","±3.3","308","±157","8.0%","±4.0","1,432","±273","12.6%","±2.4","489","±157","4.8%","±1.5"
"        2 bedrooms","3,049","±328","28.5%","±2.9","1,499","±177","31.9%","±3.7","1,423","±206","33.7%","±4.7","589","±236","14.9%","±5.6","2,162","±304","24.5%","±3.2","3,246","±322","32.3%","±3.0","2,249","±306","25.8%","±3.3","2,127","±235","37.4%","±3.8","1,342","±214","31.8%","±4.8","1,522","±206","31.8%","±4.0","1,194","±231","27.0%","±4.6","3,569","±432","32.5%","±3.5","703","±195","17.2%","±4.5","1,170","±227","29.5%","±5.1","1,217","±310","31.7%","±7.5","2,791","±272","24.6%","±2.4","1,770","±254","17.5%","±2.4"
"        3 bedrooms","4,008","±384","37.4%","±3.3","1,744","±208","37.1%","±4.4","1,918","±231","45.4%","±4.7","2,612","±370","66.2%","±7.8","3,674","±374","41.7%","±3.7","3,617","±309","36.0%","±3.0","3,981","±407","45.7%","±4.1","1,979","±188","34.8%","±3.3","1,719","±171","40.8%","±4.0","2,056","±209","42.9%","±4.1","2,025","±271","45.9%","±5.8","4,382","±428","39.8%","±3.6","2,434","±236","59.5%","±5.4","1,612","±209","40.7%","±5.1","1,887","±295","49.2%","±6.9","4,044","±255","35.7%","±2.0","3,623","±299","35.9%","±2.8"
"        4 bedrooms","1,371","±217","12.8%","±2.0","513","±109","10.9%","±2.3","334","±90","7.9%","±2.1","524","±206","13.3%","±5.2","1,446","±230","16.4%","±2.7","975","±200","9.7%","±2.0","1,420","±248","16.3%","±2.8","612","±154","10.7%","±2.6","528","±134","12.5%","±3.0","283","±91","5.9%","±1.8","498","±170","11.3%","±4.0","1,015","±236","9.2%","±2.2","630","±169","15.4%","±4.0","772","±174","19.5%","±4.1","359","±121","9.4%","±3.3","2,216","±224","19.5%","±2.0","3,176","±285","31.4%","±2.8"
"        5 or more bedrooms","226","±94","2.1%","±0.9","107","±64","2.3%","±1.4","124","±58","2.9%","±1.4","21","±35","0.5%","±0.9","512","±138","5.8%","±1.6","251","±83","2.5%","±0.8","334","±135","3.8%","±1.6","70","±46","1.2%","±0.8","176","±92","4.2%","±2.2","199","±81","4.2%","±1.7","32","±43","0.7%","±1.0","239","±142","2.2%","±1.3","98","±68","2.4%","±1.7","116","±69","2.9%","±1.8","4","±11","0.1%","±0.3","464","±109","4.1%","±0.9","937","±152","9.3%","±1.6"
"HOUSING TENURE","","","","","","","","","","","","","","","","","","","","","","","","","","","","","","","","","","","","","","","","","","","","","","","","","","","","","","","","","","","","","","","","","","","",""
"    Occupied housing units","9,816","±339","9,816","(X)","4,116","±212","4,116","(X)","3,968","±220","3,968","(X)","3,777","±300","3,777","(X)","8,320","±368","8,320","(X)","9,015","±297","9,015","(X)","8,228","±402","8,228","(X)","4,560","±226","4,560","(X)","3,837","±184","3,837","(X)","4,207","±216","4,207","(X)","4,145","±243","4,145","(X)","10,322","±343","10,322","(X)","3,969","±189","3,969","(X)","3,758","±254","3,758","(X)","3,603","±282","3,603","(X)","10,833","±274","10,833","(X)","9,846","±269","9,846","(X)"
"        Owner-occupied","5,274","±344","53.7%","±3.0","2,732","±216","66.4%","±4.3","2,526","±229","63.7%","±4.6","2,600","±408","68.8%","±8.8","4,974","±311","59.8%","±2.8","3,840","±255","42.6%","±3.0","5,251","±413","63.8%","±3.4","2,481","±192","54.4%","±4.0","2,171","±164","56.6%","±4.3","2,069","±215","49.2%","±4.7","2,199","±291","53.1%","±6.0","5,549","±412","53.8%","±3.6","2,752","±214","69.3%","±5.0","2,501","±262","66.6%","±5.6","2,203","±314","61.1%","±6.8","5,974","±242","55.1%","±2.1","7,771","±301","78.9%","±2.7"
"        Renter-occupied","4,542","±331","46.3%","±3.0","1,384","±194","33.6%","±4.3","1,442","±202","36.3%","±4.6","1,177","±336","31.2%","±8.8","3,346","±278","40.2%","±2.8","5,175","±370","57.4%","±3.0","2,977","±290","36.2%","±3.4","2,079","±235","45.6%","±4.0","1,666","±208","43.4%","±4.3","2,138","±234","50.8%","±4.7","1,946","±262","46.9%","±6.0","4,773","±412","46.2%","±3.6","1,217","±216","30.7%","±5.0","1,257","±234","33.4%","±5.6","1,400","±257","38.9%","±6.8","4,859","±281","44.9%","±2.1","2,075","±280","21.1%","±2.7"
"        Average household size of owner-occupied unit","2.08","±0.08","(X)","(X)","2.34","±0.14","(X)","(X)","2.55","±0.15","(X)","(X)","2.47","±0.25","(X)","(X)","2.90","±0.14","(X)","(X)","2.42","±0.13","(X)","(X)","2.64","±0.11","(X)","(X)","2.13","±0.12","(X)","(X)","2.64","±0.18","(X)","(X)","2.52","±0.16","(X)","(X)","2.19","±0.20","(X)","(X)","2.28","±0.14","(X)","(X)","2.73","±0.16","(X)","(X)","2.75","±0.21","(X)","(X)","2.66","±0.26","(X)","(X)","2.63","±0.07","(X)","(X)","2.76","±0.08","(X)","(X)"
"        Average household size of renter-occupied unit","2.04","±0.14","(X)","(X)","2.02","±0.19","(X)","(X)","2.46","±0.29","(X)","(X)","2.20","±0.34","(X)","(X)","2.51","±0.22","(X)","(X)","2.16","±0.10","(X)","(X)","2.56","±0.25","(X)","(X)","2.30","±0.20","(X)","(X)","2.26","±0.23","(X)","(X)","2.57","±0.26","(X)","(X)","2.47","±0.28","(X)","(X)","1.96","±0.15","(X)","(X)","2.72","±0.33","(X)","(X)","2.44","±0.31","(X)","(X)","2.49","±0.33","(X)","(X)","2.37","±0.12","(X)","(X)","2.35","±0.21","(X)","(X)"
"YEAR HOUSEHOLDER MOVED INTO UNIT","","","","","","","","","","","","","","","","","","","","","","","","","","","","","","","","","","","","","","","","","","","","","","","","","","","","","","","","","","","","","","","","","","","",""
"    Occupied housing units","9,816","±339","9,816","(X)","4,116","±212","4,116","(X)","3,968","±220","3,968","(X)","3,777","±300","3,777","(X)","8,320","±368","8,320","(X)","9,015","±297","9,015","(X)","8,228","±402","8,228","(X)","4,560","±226","4,560","(X)","3,837","±184","3,837","(X)","4,207","±216","4,207","(X)","4,145","±243","4,145","(X)","10,322","±343","10,322","(X)","3,969","±189","3,969","(X)","3,758","±254","3,758","(X)","3,603","±282","3,603","(X)","10,833","±274","10,833","(X)","9,846","±269","9,846","(X)"
"        Moved in 2017 or later","679","±204","6.9%","±2.1","331","±103","8.0%","±2.5","237","±95","6.0%","±2.3","298","±190","7.9%","±4.9","416","±141","5.0%","±1.6","806","±189","8.9%","±2.0","521","±175","6.3%","±2.0","261","±101","5.7%","±2.2","221","±118","5.8%","±3.1","291","±125","6.9%","±2.9","505","±190","12.2%","±4.5","692","±199","6.7%","±2.0","72","±57","1.8%","±1.4","166","±91","4.4%","±2.4","223","±124","6.2%","±3.4","540","±154","5.0%","±1.4","405","±156","4.1%","±1.6"
"        Moved in 2015 to 2016","1,961","±290","20.0%","±2.9","655","±132","15.9%","±3.3","480","±145","12.1%","±3.4","250","±138","6.6%","±3.7","1,245","±257","15.0%","±3.0","1,722","±219","19.1%","±2.3","1,037","±236","12.6%","±2.7","762","±155","16.7%","±3.4","636","±146","16.6%","±3.9","591","±153","14.0%","±3.5","526","±203","12.7%","±4.5","1,755","±314","17.0%","±2.8","687","±185","17.3%","±4.6","466","±124","12.4%","±3.4","579","±200","16.1%","±5.5","1,899","±259","17.5%","±2.3","960","±208","9.8%","±2.1"
"        Moved in 2010 to 2014","3,188","±362","32.5%","±3.4","1,212","±193","29.4%","±4.0","1,474","±175","37.1%","±4.6","1,334","±327","35.3%","±7.8","3,259","±309","39.2%","±3.5","3,148","±306","34.9%","±3.3","2,747","±389","33.4%","±4.4","1,496","±217","32.8%","±4.1","931","±183","24.3%","±4.3","1,499","±208","35.6%","±4.5","1,361","±208","32.8%","±5.2","3,327","±332","32.2%","±3.3","1,471","±246","37.1%","±6.0","1,358","±221","36.1%","±5.6","1,250","±287","34.7%","±7.4","3,430","±329","31.7%","±2.9","3,021","±314","30.7%","±2.9"
"        Moved in 2000 to 2009","2,100","±262","21.4%","±2.6","1,085","±167","26.4%","±3.8","1,043","±150","26.3%","±3.9","1,627","±319","43.1%","±8.2","1,838","±240","22.1%","±2.5","1,725","±229","19.1%","±2.4","2,530","±348","30.7%","±3.8","1,107","±181","24.3%","±4.1","1,039","±184","27.1%","±4.7","870","±149","20.7%","±3.3","1,151","±247","27.8%","±5.8","2,219","±323","21.5%","±3.1","1,213","±202","30.6%","±4.8","1,221","±227","32.5%","±5.3","902","±210","25.0%","±5.6","3,065","±275","28.3%","±2.5","2,923","±274","29.7%","±2.7"
"        Moved in 1990 to 1999","1,098","±224","11.2%","±2.2","357","±104","8.7%","±2.5","462","±108","11.6%","±2.6","185","±103","4.9%","±2.7","929","±162","11.2%","±2.0","886","±175","9.8%","±2.0","990","±193","12.0%","±2.4","494","±131","10.8%","±2.8","476","±130","12.4%","±3.3","436","±126","10.4%","±3.0","284","±113","6.9%","±2.7","1,066","±252","10.3%","±2.3","380","±136","9.6%","±3.3","244","±97","6.5%","±2.5","291","±133","8.1%","±3.6","1,376","±182","12.7%","±1.7","1,421","±232","14.4%","±2.3"
"        Moved in 1989 and earlier","790","±144","8.0%","±1.4","476","±113","11.6%","±2.7","272","±75","6.9%","±1.8","83","±83","2.2%","±2.2","633","±152","7.6%","±1.7","728","±130","8.1%","±1.4","403","±134","4.9%","±1.7","440","±131","9.6%","±2.8","534","±110","13.9%","±2.9","520","±116","12.4%","±2.8","318","±116","7.7%","±2.7","1,263","±234","12.2%","±2.2","146","±68","3.7%","±1.7","303","±120","8.1%","±3.1","358","±129","9.9%","±3.5","523","±114","4.8%","±1.0","1,116","±183","11.3%","±1.8"
"VEHICLES AVAILABLE","","","","","","","","","","","","","","","","","","","","","","","","","","","","","","","","","","","","","","","","","","","","","","","","","","","","","","","","","","","","","","","","","","","",""
"    Occupied housing units","9,816","±339","9,816","(X)","4,116","±212","4,116","(X)","3,968","±220","3,968","(X)","3,777","±300","3,777","(X)","8,320","±368","8,320","(X)","9,015","±297","9,015","(X)","8,228","±402","8,228","(X)","4,560","±226","4,560","(X)","3,837","±184","3,837","(X)","4,207","±216","4,207","(X)","4,145","±243","4,145","(X)","10,322","±343","10,322","(X)","3,969","±189","3,969","(X)","3,758","±254","3,758","(X)","3,603","±282","3,603","(X)","10,833","±274","10,833","(X)","9,846","±269","9,846","(X)"
"        No vehicles available","777","±213","7.9%","±2.2","416","±158","10.1%","±3.8","482","±144","12.1%","±3.3","193","±102","5.1%","±2.7","803","±217","9.7%","±2.5","1,051","±227","11.7%","±2.3","406","±173","4.9%","±2.1","362","±100","7.9%","±2.1","362","±131","9.4%","±3.3","624","±154","14.8%","±3.7","350","±104","8.4%","±2.5","1,323","±286","12.8%","±2.7","216","±109","5.4%","±2.7","122","±66","3.2%","±1.8","322","±127","8.9%","±3.4","589","±152","5.4%","±1.4","269","±84","2.7%","±0.9"
"        1 vehicle available","4,104","±424","41.8%","±3.5","1,240","±175","30.1%","±3.7","1,240","±200","31.3%","±4.4","1,105","±360","29.3%","±8.4","2,414","±296","29.0%","±3.2","3,365","±334","37.3%","±3.5","2,756","±295","33.5%","±2.8","2,005","±239","44.0%","±4.1","1,195","±193","31.1%","±4.5","1,619","±217","38.5%","±4.1","1,478","±256","35.7%","±5.4","4,092","±457","39.6%","±4.3","1,246","±250","31.4%","±5.6","1,263","±257","33.6%","±5.4","998","±250","27.7%","±5.9","3,286","±298","30.3%","±2.5","2,530","±310","25.7%","±2.8"
"        2 vehicles available","3,458","±349","35.2%","±3.6","1,561","±191","37.9%","±4.3","1,423","±174","35.9%","±4.6","1,252","±309","33.1%","±8.0","2,995","±348","36.0%","±3.6","3,066","±318","34.0%","±3.4","3,486","±355","42.4%","±3.7","1,527","±177","33.5%","±3.8","1,426","±220","37.2%","±5.4","1,294","±205","30.8%","±4.7","1,502","±293","36.2%","±6.4","3,263","±449","31.6%","±4.1","1,401","±246","35.3%","±5.8","1,676","±182","44.6%","±5.1","1,404","±265","39.0%","±7.0","4,937","±317","45.6%","±3.0","4,585","±314","46.6%","±3.1"
"        3 or more vehicles available","1,477","±201","15.0%","±2.1","899","±132","21.8%","±3.2","823","±144","20.7%","±3.7","1,227","±262","32.5%","±7.3","2,108","±235","25.3%","±3.2","1,533","±231","17.0%","±2.6","1,580","±224","19.2%","±2.8","666","±120","14.6%","±2.8","854","±156","22.3%","±4.3","670","±151","15.9%","±3.6","815","±187","19.7%","±4.9","1,644","±259","15.9%","±2.5","1,106","±189","27.9%","±5.2","697","±163","18.5%","±4.3","879","±224","24.4%","±6.5","2,021","±229","18.7%","±2.1","2,462","±232","25.0%","±2.4"
"HOUSE HEATING FUEL","","","","","","","","","","","","","","","","","","","","","","","","","","","","","","","","","","","","","","","","","","","","","","","","","","","","","","","","","","","","","","","","","","","",""
"    Occupied housing units","9,816","±339","9,816","(X)","4,116","±212","4,116","(X)","3,968","±220","3,968","(X)","3,777","±300","3,777","(X)","8,320","±368","8,320","(X)","9,015","±297","9,015","(X)","8,228","±402","8,228","(X)","4,560","±226","4,560","(X)","3,837","±184","3,837","(X)","4,207","±216","4,207","(X)","4,145","±243","4,145","(X)","10,322","±343","10,322","(X)","3,969","±189","3,969","(X)","3,758","±254","3,758","(X)","3,603","±282","3,603","(X)","10,833","±274","10,833","(X)","9,846","±269","9,846","(X)"
"        Utility gas","4,736","±327","48.2%","±3.0","2,608","±206","63.4%","±3.7","1,633","±197","41.2%","±4.4","1,966","±360","52.1%","±8.1","2,560","±260","30.8%","±3.1","4,539","±324","50.3%","±3.5","3,740","±387","45.5%","±4.0","976","±124","21.4%","±2.5","361","±113","9.4%","±2.9","1,579","±206","37.5%","±4.7","1,838","±265","44.3%","±5.3","4,413","±354","42.8%","±3.5","2,416","±232","60.9%","±5.4","2,033","±243","54.1%","±5.3","1,542","±272","42.8%","±7.4","5,084","±197","46.9%","±1.8","6,627","±356","67.3%","±3.3"
"        Bottled, tank, or LP gas","69","±50","0.7%","±0.5","45","±36","1.1%","±0.9","23","±27","0.6%","±0.7","56","±66","1.5%","±1.7","0","±22","0.0%","±0.4","116","±65","1.3%","±0.7","42","±51","0.5%","±0.6","41","±27","0.9%","±0.6","125","±88","3.3%","±2.3","26","±23","0.6%","±0.5","162","±104","3.9%","±2.6","127","±77","1.2%","±0.7","46","±37","1.2%","±0.9","6","±11","0.2%","±0.3","43","±68","1.2%","±1.9","97","±50","0.9%","±0.5","20","±25","0.2%","±0.3"
"        Electricity","4,782","±351","48.7%","±3.0","1,074","±152","26.1%","±3.4","2,028","±199","51.1%","±4.1","1,598","±352","42.3%","±9.1","5,461","±379","65.6%","±3.2","3,291","±348","36.5%","±3.4","4,217","±397","51.3%","±4.0","3,291","±229","72.2%","±3.2","2,627","±229","68.5%","±4.8","2,471","±245","58.7%","±4.5","1,844","±241","44.5%","±5.1","5,158","±462","50.0%","±3.9","1,345","±217","33.9%","±4.9","1,528","±222","40.7%","±4.9","1,585","±301","44.0%","±7.2","5,552","±283","51.3%","±1.9","2,904","±317","29.5%","±3.0"
"        Fuel oil, kerosene, etc.","80","±61","0.8%","±0.6","72","±48","1.7%","±1.2","42","±50","1.1%","±1.2","0","±17","0.0%","±0.9","59","±57","0.7%","±0.7","146","±77","1.6%","±0.8","40","±36","0.5%","±0.4","33","±37","0.7%","±0.8","161","±68","4.2%","±1.8","9","±15","0.2%","±0.3","42","±64","1.0%","±1.5","66","±51","0.6%","±0.5","33","±39","0.8%","±1.0","31","±39","0.8%","±1.0","9","±15","0.2%","±0.4","23","±24","0.2%","±0.2","118","±64","1.2%","±0.7"
"        Coal or coke","0","±22","0.0%","±0.3","0","±17","0.0%","±0.8","0","±19","0.0%","±0.8","0","±17","0.0%","±0.9","0","±22","0.0%","±0.4","0","±22","0.0%","±0.4","0","±22","0.0%","±0.4","0","±19","0.0%","±0.7","0","±17","0.0%","±0.8","0","±19","0.0%","±0.8","0","±17","0.0%","±0.8","16","±26","0.2%","±0.2","0","±19","0.0%","±0.8","0","±19","0.0%","±0.9","0","±17","0.0%","±0.9","0","±22","0.0%","±0.3","0","±22","0.0%","±0.3"
"        Wood","125","±73","1.3%","±0.7","302","±88","7.3%","±2.2","177","±63","4.5%","±1.6","157","±127","4.2%","±3.3","149","±79","1.8%","±0.9","234","±82","2.6%","±0.9","166","±87","2.0%","±1.1","190","±85","4.2%","±1.9","474","±131","12.4%","±3.4","106","±53","2.5%","±1.3","216","±108","5.2%","±2.6","394","±167","3.8%","±1.6","81","±48","2.0%","±1.2","117","±62","3.1%","±1.7","356","±167","9.9%","±4.4","33","±28","0.3%","±0.3","139","±82","1.4%","±0.8"
"        Solar energy","6","±10","0.1%","±0.1","0","±17","0.0%","±0.8","0","±19","0.0%","±0.8","0","±17","0.0%","±0.9","0","±22","0.0%","±0.4","4","±9","0.0%","±0.1","0","±22","0.0%","±0.4","0","±19","0.0%","±0.7","8","±12","0.2%","±0.3","0","±19","0.0%","±0.8","0","±17","0.0%","±0.8","0","±22","0.0%","±0.3","0","±19","0.0%","±0.8","0","±19","0.0%","±0.9","1","±17","0.0%","±0.5","0","±22","0.0%","±0.3","0","±22","0.0%","±0.3"
"        Other fuel","9","±16","0.1%","±0.2","15","±16","0.4%","±0.4","41","±31","1.0%","±0.8","0","±17","0.0%","±0.9","34","±29","0.4%","±0.4","419","±111","4.6%","±1.2","14","±22","0.2%","±0.3","6","±9","0.1%","±0.2","67","±54","1.7%","±1.4","16","±19","0.4%","±0.4","37","±41","0.9%","±1.0","84","±47","0.8%","±0.5","0","±19","0.0%","±0.8","31","±48","0.8%","±1.3","67","±84","1.9%","±2.3","0","±22","0.0%","±0.3","22","±35","0.2%","±0.4"
"        No fuel used","9","±13","0.1%","±0.1","0","±17","0.0%","±0.8","24","±26","0.6%","±0.7","0","±17","0.0%","±0.9","57","±74","0.7%","±0.9","266","±81","3.0%","±0.9","9","±14","0.1%","±0.2","23","±20","0.5%","±0.5","14","±23","0.4%","±0.6","0","±19","0.0%","±0.8","6","±15","0.1%","±0.4","64","±54","0.6%","±0.5","48","±78","1.2%","±1.9","12","±19","0.3%","±0.5","0","±17","0.0%","±0.9","44","±36","0.4%","±0.3","16","±23","0.2%","±0.2"
"SELECTED CHARACTERISTICS","","","","","","","","","","","","","","","","","","","","","","","","","","","","","","","","","","","","","","","","","","","","","","","","","","","","","","","","","","","","","","","","","","","",""
"    Occupied housing units","9,816","±339","9,816","(X)","4,116","±212","4,116","(X)","3,968","±220","3,968","(X)","3,777","±300","3,777","(X)","8,320","±368","8,320","(X)","9,015","±297","9,015","(X)","8,228","±402","8,228","(X)","4,560","±226","4,560","(X)","3,837","±184","3,837","(X)","4,207","±216","4,207","(X)","4,145","±243","4,145","(X)","10,322","±343","10,322","(X)","3,969","±189","3,969","(X)","3,758","±254","3,758","(X)","3,603","±282","3,603","(X)","10,833","±274","10,833","(X)","9,846","±269","9,846","(X)"
"        Lacking complete plumbing facilities","45","±47","0.5%","±0.5","0","±17","0.0%","±0.8","0","±19","0.0%","±0.8","0","±17","0.0%","±0.9","63","±77","0.8%","±0.9","49","±56","0.5%","±0.6","55","±72","0.7%","±0.9","10","±11","0.2%","±0.2","60","±41","1.6%","±1.1","10","±13","0.2%","±0.3","15","±24","0.4%","±0.6","86","±85","0.8%","±0.8","0","±19","0.0%","±0.8","0","±19","0.0%","±0.9","0","±17","0.0%","±0.9","43","±45","0.4%","±0.4","13","±19","0.1%","±0.2"
"        Lacking complete kitchen facilities","136","±53","1.4%","±0.5","80","±66","1.9%","±1.6","41","±23","1.0%","±0.6","38","±63","1.0%","±1.7","328","±159","3.9%","±1.9","182","±88","2.0%","±1.0","189","±108","2.3%","±1.3","59","±42","1.3%","±0.9","78","±47","2.0%","±1.2","128","±61","3.0%","±1.4","109","±56","2.6%","±1.3","161","±118","1.6%","±1.2","75","±84","1.9%","±2.1","0","±19","0.0%","±0.9","37","±42","1.0%","±1.2","293","±142","2.7%","±1.3","105","±67","1.1%","±0.7"
"        No telephone service available","176","±86","1.8%","±0.9","195","±92","4.7%","±2.2","79","±48","2.0%","±1.2","130","±128","3.4%","±3.4","219","±121","2.6%","±1.4","388","±138","4.3%","±1.5","228","±116","2.8%","±1.4","119","±52","2.6%","±1.1","142","±88","3.7%","±2.3","181","±77","4.3%","±1.8","129","±87","3.1%","±2.1","335","±138","3.2%","±1.3","54","±58","1.4%","±1.5","12","±19","0.3%","±0.5","157","±117","4.4%","±3.2","195","±109","1.8%","±1.0","118","±65","1.2%","±0.7"
"OCCUPANTS PER ROOM","","","","","","","","","","","","","","","","","","","","","","","","","","","","","","","","","","","","","","","","","","","","","","","","","","","","","","","","","","","","","","","","","","","",""
"    Occupied housing units","9,816","±339","9,816","(X)","4,116","±212","4,116","(X)","3,968","±220","3,968","(X)","3,777","±300","3,777","(X)","8,320","±368","8,320","(X)","9,015","±297","9,015","(X)","8,228","±402","8,228","(X)","4,560","±226","4,560","(X)","3,837","±184","3,837","(X)","4,207","±216","4,207","(X)","4,145","±243","4,145","(X)","10,322","±343","10,322","(X)","3,969","±189","3,969","(X)","3,758","±254","3,758","(X)","3,603","±282","3,603","(X)","10,833","±274","10,833","(X)","9,846","±269","9,846","(X)"
"        1.00 or less","9,739","±336","99.2%","±0.5","4,012","±213","97.5%","±1.5","3,793","±287","95.6%","±2.6","3,777","±300","100.0%","±0.9","8,068","±408","97.0%","±1.4","8,792","±311","97.5%","±0.8","7,908","±451","96.1%","±2.0","4,507","±228","98.8%","±0.9","3,759","±210","98.0%","±1.9","3,960","±254","94.1%","±2.4","3,904","±316","94.2%","±3.0","10,131","±372","98.1%","±1.0","3,822","±215","96.3%","±2.0","3,639","±265","96.8%","±1.5","3,416","±340","94.8%","±3.2","10,500","±330","96.9%","±1.3","9,760","±279","99.1%","±0.5"
"        1.01 to 1.50","15","±17","0.2%","±0.2","57","±41","1.4%","±1.0","158","±95","4.0%","±2.5","0","±17","0.0%","±0.9","203","±109","2.4%","±1.3","196","±70","2.2%","±0.8","274","±148","3.3%","±1.8","13","±17","0.3%","±0.4","78","±71","2.0%","±1.9","192","±97","4.6%","±2.3","159","±100","3.8%","±2.4","166","±97","1.6%","±0.9","119","±73","3.0%","±1.9","112","±55","3.0%","±1.5","177","±108","4.9%","±3.2","181","±101","1.7%","±0.9","65","±48","0.7%","±0.5"
"        1.51 or more","62","±45","0.6%","±0.5","47","±49","1.1%","±1.2","17","±21","0.4%","±0.5","0","±17","0.0%","±0.9","49","±44","0.6%","±0.5","27","±30","0.3%","±0.3","46","±52","0.6%","±0.6","40","±44","0.9%","±0.9","0","±17","0.0%","±0.8","55","±45","1.3%","±1.1","82","±101","2.0%","±2.5","25","±30","0.2%","±0.3","28","±27","0.7%","±0.7","7","±14","0.2%","±0.4","10","±16","0.3%","±0.4","152","±103","1.4%","±1.0","21","±24","0.2%","±0.2"
"VALUE","","","","","","","","","","","","","","","","","","","","","","","","","","","","","","","","","","","","","","","","","","","","","","","","","","","","","","","","","","","","","","","","","","","",""
"    Owner-occupied units","5,274","±344","5,274","(X)","2,732","±216","2,732","(X)","2,526","±229","2,526","(X)","2,600","±408","2,600","(X)","4,974","±311","4,974","(X)","3,840","±255","3,840","(X)","5,251","±413","5,251","(X)","2,481","±192","2,481","(X)","2,171","±164","2,171","(X)","2,069","±215","2,069","(X)","2,199","±291","2,199","(X)","5,549","±412","5,549","(X)","2,752","±214","2,752","(X)","2,501","±262","2,501","(X)","2,203","±314","2,203","(X)","5,974","±242","5,974","(X)","7,771","±301","7,771","(X)"
"        Less than $50,000","161","±78","3.1%","±1.5","247","±85","9.0%","±2.8","183","±90","7.2%","±3.6","274","±158","10.5%","±6.3","396","±129","8.0%","±2.5","266","±99","6.9%","±2.5","355","±140","6.8%","±2.6","162","±57","6.5%","±2.2","80","±60","3.7%","±2.7","329","±103","15.9%","±4.7","219","±109","10.0%","±4.6","635","±164","11.4%","±2.8","265","±95","9.6%","±3.4","113","±71","4.5%","±2.8","218","±117","9.9%","±5.2","62","±26","1.0%","±0.4","83","±52","1.1%","±0.7"
"        $50,000 to $99,999","58","±41","1.1%","±0.8","674","±122","24.7%","±4.2","9","±15","0.4%","±0.6","46","±58","1.8%","±2.2","153","±63","3.1%","±1.2","653","±134","17.0%","±3.3","200","±99","3.8%","±1.9","149","±69","6.0%","±2.7","72","±39","3.3%","±1.8","503","±138","24.3%","±5.8","353","±118","16.1%","±5.1","431","±177","7.8%","±3.2","11","±18","0.4%","±0.6","74","±61","3.0%","±2.3","376","±132","17.1%","±5.6","101","±87","1.7%","±1.5","15","±23","0.2%","±0.3"
"        $100,000 to $149,999","27","±33","0.5%","±0.6","629","±132","23.0%","±4.5","504","±129","20.0%","±4.5","238","±193","9.2%","±7.0","136","±65","2.7%","±1.3","876","±178","22.8%","±4.3","203","±96","3.9%","±1.8","229","±81","9.2%","±3.2","416","±104","19.2%","±4.6","583","±137","28.2%","±5.9","327","±121","14.9%","±5.4","964","±215","17.4%","±3.7","42","±43","1.5%","±1.6","186","±80","7.4%","±3.1","679","±204","30.8%","±7.1","160","±59","2.7%","±1.0","181","±80","2.3%","±1.0"
"        $150,000 to $199,999","166","±82","3.1%","±1.5","361","±96","13.2%","±3.4","946","±157","37.5%","±5.6","436","±218","16.8%","±7.7","297","±109","6.0%","±2.1","916","±172","23.9%","±4.2","520","±150","9.9%","±2.8","426","±126","17.2%","±4.6","690","±130","31.8%","±5.3","327","±99","15.8%","±4.6","580","±146","26.4%","±5.6","949","±232","17.1%","±3.7","390","±137","14.2%","±4.7","393","±128","15.7%","±5.0","484","±136","22.0%","±5.5","242","±87","4.1%","±1.4","131","±69","1.7%","±0.9"
"        $200,000 to $299,999","757","±206","14.4%","±3.6","466","±119","17.1%","±4.2","601","±114","23.8%","±4.2","768","±254","29.5%","±9.1","1,785","±223","35.9%","±3.8","770","±170","20.1%","±4.4","1,665","±268","31.7%","±4.2","656","±120","26.4%","±4.8","448","±112","20.6%","±5.0","242","±81","11.7%","±3.8","540","±164","24.6%","±5.9","1,711","±340","30.8%","±5.6","1,352","±199","49.1%","±6.2","780","±172","31.2%","±6.4","297","±99","13.5%","±4.5","941","±117","15.8%","±1.8","678","±149","8.7%","±1.8"
"        $300,000 to $499,999","2,371","±249","45.0%","±4.5","297","±95","10.9%","±3.3","223","±74","8.8%","±2.7","710","±242","27.3%","±8.8","1,800","±211","36.2%","±4.0","281","±85","7.3%","±2.2","2,031","±289","38.7%","±4.8","611","±125","24.6%","±4.6","419","±124","19.3%","±5.5","68","±42","3.3%","±2.0","180","±77","8.2%","±3.5","726","±185","13.1%","±3.4","585","±155","21.3%","±5.5","846","±196","33.8%","±6.3","131","±86","5.9%","±3.8","3,030","±213","50.7%","±3.1","3,347","±304","43.1%","±3.6"
"        $500,000 to $999,999","1,542","±248","29.2%","±4.3","58","±42","2.1%","±1.5","29","±44","1.1%","±1.7","128","±135","4.9%","±5.0","390","±99","7.8%","±1.9","35","±26","0.9%","±0.7","268","±101","5.1%","±1.9","202","±74","8.1%","±2.9","46","±55","2.1%","±2.5","17","±20","0.8%","±0.9","0","±17","0.0%","±1.5","133","±81","2.4%","±1.4","104","±74","3.8%","±2.7","109","±64","4.4%","±2.6","0","±17","0.0%","±1.5","1,438","±153","24.1%","±2.5","3,129","±264","40.3%","±3.1"
"        $1,000,000 or more","192","±83","3.6%","±1.5","0","±17","0.0%","±1.2","31","±24","1.2%","±0.9","0","±17","0.0%","±1.2","17","±22","0.3%","±0.4","43","±33","1.1%","±0.9","9","±16","0.2%","±0.3","46","±41","1.9%","±1.7","0","±17","0.0%","±1.5","0","±19","0.0%","±1.6","0","±17","0.0%","±1.5","0","±22","0.0%","±0.6","3","±7","0.1%","±0.2","0","±19","0.0%","±1.3","18","±29","0.8%","±1.3","0","±22","0.0%","±0.5","207","±86","2.7%","±1.1"
"        Median (dollars)","428,100","±16,438","(X)","(X)","128,700","±12,920","(X)","(X)","180,200","±6,296","(X)","(X)","237,900","±29,793","(X)","(X)","280,500","±13,633","(X)","(X)","155,600","±8,136","(X)","(X)","283,500","±12,347","(X)","(X)","239,600","±14,733","(X)","(X)","184,700","±12,710","(X)","(X)","114,800","±7,759","(X)","(X)","164,300","±9,483","(X)","(X)","188,300","±15,470","(X)","(X)","259,700","±8,960","(X)","(X)","269,200","±16,132","(X)","(X)","138,600","±10,293","(X)","(X)","397,300","±11,318","(X)","(X)","465,000","±12,980","(X)","(X)"
"MORTGAGE STATUS","","","","","","","","","","","","","","","","","","","","","","","","","","","","","","","","","","","","","","","","","","","","","","","","","","","","","","","","","","","","","","","","","","","",""
"    Owner-occupied units","5,274","±344","5,274","(X)","2,732","±216","2,732","(X)","2,526","±229","2,526","(X)","2,600","±408","2,600","(X)","4,974","±311","4,974","(X)","3,840","±255","3,840","(X)","5,251","±413","5,251","(X)","2,481","±192","2,481","(X)","2,171","±164","2,171","(X)","2,069","±215","2,069","(X)","2,199","±291","2,199","(X)","5,549","±412","5,549","(X)","2,752","±214","2,752","(X)","2,501","±262","2,501","(X)","2,203","±314","2,203","(X)","5,974","±242","5,974","(X)","7,771","±301","7,771","(X)"
"        Housing units with a mortgage","2,954","±293","56.0%","±4.8","1,584","±180","58.0%","±4.7","1,728","±206","68.4%","±5.5","1,608","±342","61.8%","±8.7","3,590","±289","72.2%","±3.9","2,487","±253","64.8%","±4.3","3,972","±381","75.6%","±3.7","1,295","±173","52.2%","±5.5","1,426","±181","65.7%","±6.4","1,055","±145","51.0%","±5.0","1,287","±218","58.5%","±6.5","3,275","±361","59.0%","±5.5","1,935","±201","70.3%","±4.7","1,671","±231","66.8%","±5.2","1,371","±258","62.2%","±7.2","4,960","±261","83.0%","±2.3","5,626","±354","72.4%","±3.5"
"        Housing units without a mortgage","2,320","±313","44.0%","±4.8","1,148","±156","42.0%","±4.7","798","±158","31.6%","±5.5","992","±271","38.2%","±8.7","1,384","±215","27.8%","±3.9","1,353","±173","35.2%","±4.3","1,279","±210","24.4%","±3.7","1,186","±163","47.8%","±5.5","745","±146","34.3%","±6.4","1,014","±152","49.0%","±5.0","912","±193","41.5%","±6.5","2,274","±369","41.0%","±5.5","817","±143","29.7%","±4.7","830","±149","33.2%","±5.2","832","±195","37.8%","±7.2","1,014","±134","17.0%","±2.3","2,145","±285","27.6%","±3.5"
"SELECTED MONTHLY OWNER COSTS (SMOC)","","","","","","","","","","","","","","","","","","","","","","","","","","","","","","","","","","","","","","","","","","","","","","","","","","","","","","","","","","","","","","","","","","","",""
"    Housing units with a mortgage","2,954","±293","2,954","(X)","1,584","±180","1,584","(X)","1,728","±206","1,728","(X)","1,608","±342","1,608","(X)","3,590","±289","3,590","(X)","2,487","±253","2,487","(X)","3,972","±381","3,972","(X)","1,295","±173","1,295","(X)","1,426","±181","1,426","(X)","1,055","±145","1,055","(X)","1,287","±218","1,287","(X)","3,275","±361","3,275","(X)","1,935","±201","1,935","(X)","1,671","±231","1,671","(X)","1,371","±258","1,371","(X)","4,960","±261","4,960","(X)","5,626","±354","5,626","(X)"
"        Less than $500","0","±22","0.0%","±1.1","55","±37","3.5%","±2.3","17","±21","1.0%","±1.2","0","±17","0.0%","±2.0","59","±56","1.6%","±1.5","119","±78","4.8%","±3.1","0","±22","0.0%","±0.8","27","±22","2.1%","±1.7","22","±27","1.5%","±1.9","27","±25","2.6%","±2.4","27","±33","2.1%","±2.5","44","±58","1.3%","±1.8","0","±19","0.0%","±1.7","15","±24","0.9%","±1.4","0","±17","0.0%","±2.3","11","±16","0.2%","±0.3","0","±22","0.0%","±0.6"
"        $500 to $999","268","±120","9.1%","±3.9","595","±121","37.6%","±6.5","345","±104","20.0%","±5.3","180","±121","11.2%","±6.7","280","±84","7.8%","±2.3","807","±155","32.4%","±5.7","326","±119","8.2%","±3.0","114","±49","8.8%","±3.9","301","±109","21.1%","±6.6","454","±119","43.0%","±8.3","469","±154","36.4%","±10.4","636","±178","19.4%","±5.0","137","±75","7.1%","±3.9","93","±66","5.6%","±3.8","367","±143","26.8%","±8.8","255","±81","5.1%","±1.6","190","±72","3.4%","±1.3"
"        $1,000 to $1,499","547","±160","18.5%","±5.2","552","±113","34.8%","±6.2","875","±172","50.6%","±7.8","600","±268","37.3%","±13.6","1,069","±181","29.8%","±4.3","1,090","±184","43.8%","±5.4","972","±212","24.5%","±4.6","449","±128","34.7%","±8.2","606","±140","42.5%","±8.6","422","±104","40.0%","±8.4","523","±180","40.6%","±11.7","1,333","±259","40.7%","±6.9","688","±178","35.6%","±8.3","616","±142","36.9%","±6.9","531","±193","38.7%","±10.7","889","±171","17.9%","±3.1","682","±126","12.1%","±2.2"
"        $1,500 to $1,999","814","±168","27.6%","±5.1","266","±95","16.8%","±5.5","391","±107","22.6%","±6.0","381","±154","23.7%","±9.5","1,240","±205","34.5%","±4.9","274","±104","11.0%","±3.9","1,472","±222","37.1%","±4.5","369","±126","28.5%","±8.5","230","±90","16.1%","±5.9","109","±46","10.3%","±4.4","186","±100","14.5%","±7.0","870","±224","26.6%","±6.1","758","±174","39.2%","±7.8","484","±125","29.0%","±6.8","318","±108","23.2%","±7.6","1,203","±152","24.3%","±2.9","1,212","±221","21.5%","±3.6"
"        $2,000 to $2,499","685","±187","23.2%","±5.5","79","±46","5.0%","±2.8","77","±42","4.5%","±2.4","284","±174","17.7%","±10.1","598","±130","16.7%","±3.4","135","±53","5.4%","±2.1","753","±187","19.0%","±4.1","192","±76","14.8%","±5.8","188","±93","13.2%","±6.3","28","±29","2.7%","±2.7","50","±42","3.9%","±3.3","234","±113","7.1%","±3.3","273","±114","14.1%","±5.9","352","±120","21.1%","±6.3","91","±67","6.6%","±5.0","1,236","±172","24.9%","±3.1","1,258","±216","22.4%","±3.4"
"        $2,500 to $2,999","325","±111","11.0%","±3.8","29","±29","1.8%","±1.8","23","±26","1.3%","±1.5","106","±85","6.6%","±5.2","215","±86","6.0%","±2.4","21","±24","0.8%","±1.0","337","±105","8.5%","±2.6","98","±49","7.6%","±3.7","57","±52","4.0%","±3.7","15","±18","1.4%","±1.6","32","±45","2.5%","±3.5","109","±88","3.3%","±2.6","25","±34","1.3%","±1.8","104","±61","6.2%","±3.6","46","±51","3.4%","±3.7","843","±134","17.0%","±2.7","928","±179","16.5%","±3.1"
"        $3,000 or more","315","±115","10.7%","±3.8","8","±13","0.5%","±0.8","0","±19","0.0%","±1.9","57","±69","3.5%","±4.2","129","±86","3.6%","±2.3","41","±30","1.6%","±1.2","112","±73","2.8%","±1.9","46","±31","3.6%","±2.4","22","±35","1.5%","±2.4","0","±19","0.0%","±3.0","0","±17","0.0%","±2.5","49","±52","1.5%","±1.6","54","±48","2.8%","±2.4","7","±11","0.4%","±0.7","18","±29","1.3%","±2.1","523","±100","10.5%","±2.0","1,356","±203","24.1%","±3.4"
"        Median (dollars)","1,863","±148","(X)","(X)","1,126","±87","(X)","(X)","1,299","±68","(X)","(X)","1,526","±202","(X)","(X)","1,663","±63","(X)","(X)","1,163","±73","(X)","(X)","1,717","±63","(X)","(X)","1,566","±108","(X)","(X)","1,311","±91","(X)","(X)","1,047","±76","(X)","(X)","1,106","±87","(X)","(X)","1,329","±100","(X)","(X)","1,590","±100","(X)","(X)","1,628","±132","(X)","(X)","1,244","±128","(X)","(X)","2,049","±61","(X)","(X)","2,290","±71","(X)","(X)"
"    Housing units without a mortgage","2,320","±313","2,320","(X)","1,148","±156","1,148","(X)","798","±158","798","(X)","992","±271","992","(X)","1,384","±215","1,384","(X)","1,353","±173","1,353","(X)","1,279","±210","1,279","(X)","1,186","±163","1,186","(X)","745","±146","745","(X)","1,014","±152","1,014","(X)","912","±193","912","(X)","2,274","±369","2,274","(X)","817","±143","817","(X)","830","±149","830","(X)","832","±195","832","(X)","1,014","±134","1,014","(X)","2,145","±285","2,145","(X)"
"        Less than $250","96","±64","4.1%","±2.7","166","±81","14.5%","±6.8","10","±17","1.3%","±2.1","86","±92","8.7%","±8.8","88","±56","6.4%","±3.9","227","±78","16.8%","±5.2","56","±54","4.4%","±4.2","151","±53","12.7%","±4.4","34","±32","4.6%","±4.2","210","±79","20.7%","±7.0","56","±48","6.1%","±5.1","257","±126","11.3%","±5.3","66","±56","8.1%","±6.6","8","±12","1.0%","±1.4","156","±101","18.8%","±10.5","37","±33","3.6%","±3.2","21","±26","1.0%","±1.2"
"        $250 to $399","329","±140","14.2%","±5.4","438","±103","38.2%","±7.6","139","±57","17.4%","±6.7","378","±211","38.1%","±16.6","159","±72","11.5%","±4.9","445","±111","32.9%","±6.8","199","±107","15.6%","±7.4","195","±75","16.4%","±5.7","260","±86","34.9%","±10.3","314","±87","31.0%","±7.8","389","±153","42.7%","±11.9","575","±168","25.3%","±6.6","95","±57","11.6%","±6.9","113","±87","13.6%","±10.1","271","±98","32.6%","±9.9","65","±46","6.4%","±4.5","75","±44","3.5%","±2.0"
"        $400 to $599","668","±170","28.8%","±6.2","443","±117","38.6%","±8.5","492","±138","61.7%","±10.8","111","±102","11.2%","±10.0","537","±131","38.8%","±8.7","526","±114","38.9%","±7.1","573","±145","44.8%","±9.0","392","±87","33.1%","±6.8","338","±104","45.4%","±10.4","438","±115","43.2%","±8.6","436","±122","47.8%","±12.3","1,022","±268","44.9%","±8.6","246","±95","30.1%","±9.5","413","±136","49.8%","±13.5","323","±120","38.8%","±11.7","269","±60","26.5%","±5.2","371","±111","17.3%","±4.9"
"        $600 to $799","796","±178","34.3%","±6.0","85","±50","7.4%","±4.2","105","±62","13.2%","±7.5","249","±151","25.1%","±16.2","380","±126","27.5%","±7.2","100","±55","7.4%","±4.1","200","±86","15.6%","±6.2","249","±97","21.0%","±6.9","83","±66","11.1%","±8.5","19","±20","1.9%","±2.0","31","±37","3.4%","±4.0","297","±129","13.1%","±5.0","247","±120","30.2%","±13.7","268","±111","32.3%","±12.1","82","±64","9.9%","±7.5","354","±91","34.9%","±7.1","561","±151","26.2%","±6.6"
"        $800 to $999","179","±83","7.7%","±3.5","16","±19","1.4%","±1.6","38","±51","4.8%","±6.2","89","±85","9.0%","±8.6","177","±87","12.8%","±6.0","31","±27","2.3%","±1.9","197","±101","15.4%","±7.9","116","±60","9.8%","±4.7","20","±24","2.7%","±3.3","17","±20","1.7%","±2.0","0","±17","0.0%","±3.5","105","±71","4.6%","±3.2","137","±85","16.8%","±10.4","20","±24","2.4%","±2.8","0","±17","0.0%","±3.8","230","±71","22.7%","±6.6","550","±188","25.6%","±7.3"
"        $1,000 or more","252","±91","10.9%","±3.9","0","±17","0.0%","±2.8","14","±17","1.8%","±2.2","79","±126","8.0%","±11.9","43","±38","3.1%","±2.7","24","±27","1.8%","±2.0","54","±52","4.2%","±4.0","83","±49","7.0%","±4.0","10","±18","1.3%","±2.4","16","±18","1.6%","±1.7","0","±17","0.0%","±3.5","18","±28","0.8%","±1.3","26","±29","3.2%","±3.7","8","±12","1.0%","±1.5","0","±17","0.0%","±3.8","59","±43","5.8%","±4.2","567","±169","26.4%","±7.2"
"        Median (dollars)","619","±40","(X)","(X)","390","±31","(X)","(X)","474","±21","(X)","(X)","506","±249","(X)","(X)","574","±28","(X)","(X)","402","±31","(X)","(X)","545","±36","(X)","(X)","539","±39","(X)","(X)","437","±35","(X)","(X)","395","±26","(X)","(X)","404","±31","(X)","(X)","443","±20","(X)","(X)","601","±67","(X)","(X)","555","±34","(X)","(X)","394","±64","(X)","(X)","667","±34","(X)","(X)","813","±48","(X)","(X)"
"SELECTED MONTHLY OWNER COSTS AS A PERCENTAGE OF HOUSEHOLD INCOME (SMOCAPI)","","","","","","","","","","","","","","","","","","","","","","","","","","","","","","","","","","","","","","","","","","","","","","","","","","","","","","","","","","","","","","","","","","","",""
"    Housing units with a mortgage (excluding units where SMOCAPI cannot be computed)","2,954","±293","2,954","(X)","1,577","±181","1,577","(X)","1,717","±207","1,717","(X)","1,608","±342","1,608","(X)","3,581","±287","3,581","(X)","2,479","±253","2,479","(X)","3,934","±380","3,934","(X)","1,288","±174","1,288","(X)","1,426","±181","1,426","(X)","1,048","±145","1,048","(X)","1,287","±218","1,287","(X)","3,261","±364","3,261","(X)","1,918","±195","1,918","(X)","1,671","±231","1,671","(X)","1,371","±258","1,371","(X)","4,960","±261","4,960","(X)","5,600","±354","5,600","(X)"
"        Less than 20.0 percent","1,193","±226","40.4%","±6.0","774","±124","49.1%","±6.7","539","±140","31.4%","±6.2","692","±286","43.0%","±13.2","1,492","±204","41.7%","±5.2","1,182","±215","47.7%","±7.2","1,046","±243","26.6%","±6.1","331","±106","25.7%","±7.5","602","±121","42.2%","±7.5","409","±109","39.0%","±8.5","411","±136","31.9%","±9.8","1,182","±200","36.2%","±6.0","661","±146","34.5%","±7.2","864","±186","51.7%","±8.6","395","±167","28.8%","±9.4","2,286","±228","46.1%","±4.1","2,555","±272","45.6%","±4.4"
"        20.0 to 24.9 percent","323","±110","10.9%","±3.5","187","±68","11.9%","±4.0","306","±99","17.8%","±5.8","310","±160","19.3%","±10.1","704","±152","19.7%","±4.0","460","±138","18.6%","±5.4","700","±227","17.8%","±5.5","195","±68","15.1%","±5.3","280","±112","19.6%","±7.2","213","±95","20.3%","±8.1","315","±116","24.5%","±8.1","690","±239","21.2%","±6.7","255","±101","13.3%","±5.1","251","±103","15.0%","±5.7","314","±131","22.9%","±8.8","1,044","±180","21.0%","±3.5","1,057","±195","18.9%","±3.5"
"        25.0 to 29.9 percent","235","±82","8.0%","±2.8","127","±72","8.1%","±4.6","217","±93","12.6%","±5.5","109","±99","6.8%","±6.1","464","±155","13.0%","±4.2","180","±89","7.3%","±3.5","694","±213","17.6%","±4.8","210","±79","16.3%","±5.4","177","±90","12.4%","±5.9","178","±70","17.0%","±6.6","178","±88","13.8%","±6.7","456","±193","14.0%","±5.6","391","±123","20.4%","±6.1","161","±82","9.6%","±4.8","233","±108","17.0%","±7.9","535","±141","10.8%","±2.7","671","±188","12.0%","±3.2"
"        30.0 to 34.9 percent","224","±96","7.6%","±3.3","84","±42","5.3%","±2.6","180","±86","10.5%","±4.7","235","±157","14.6%","±9.0","281","±143","7.8%","±3.9","172","±99","6.9%","±4.0","463","±168","11.8%","±4.0","127","±64","9.9%","±4.5","120","±69","8.4%","±4.4","57","±38","5.4%","±3.5","141","±93","11.0%","±6.8","221","±108","6.8%","±3.2","209","±92","10.9%","±4.6","81","±60","4.8%","±3.5","77","±61","5.6%","±4.5","352","±109","7.1%","±2.2","306","±111","5.5%","±1.9"
"        35.0 percent or more","979","±210","33.1%","±6.4","405","±116","25.7%","±5.9","475","±120","27.7%","±6.4","262","±128","16.3%","±7.5","640","±151","17.9%","±3.7","485","±129","19.6%","±4.5","1,031","±238","26.2%","±5.4","425","±108","33.0%","±7.4","247","±81","17.3%","±5.6","191","±72","18.2%","±6.6","242","±115","18.8%","±8.0","712","±187","21.8%","±5.1","402","±150","21.0%","±7.3","314","±105","18.8%","±5.8","352","±129","25.7%","±9.0","743","±144","15.0%","±2.7","1,011","±239","18.1%","±3.9"
"        Not computed","0","±22","(X)","(X)","7","±11","(X)","(X)","11","±16","(X)","(X)","0","±17","(X)","(X)","9","±13","(X)","(X)","8","±12","(X)","(X)","38","±36","(X)","(X)","7","±10","(X)","(X)","0","±17","(X)","(X)","7","±12","(X)","(X)","0","±17","(X)","(X)","14","±22","(X)","(X)","17","±26","(X)","(X)","0","±19","(X)","(X)","0","±17","(X)","(X)","0","±22","(X)","(X)","26","±29","(X)","(X)"
"    Housing unit without a mortgage (excluding units where SMOCAPI cannot be computed)","2,182","±293","2,182","(X)","1,140","±155","1,140","(X)","798","±158","798","(X)","992","±271","992","(X)","1,384","±215","1,384","(X)","1,353","±173","1,353","(X)","1,264","±210","1,264","(X)","1,178","±165","1,178","(X)","745","±146","745","(X)","999","±153","999","(X)","912","±193","912","(X)","2,274","±369","2,274","(X)","804","±144","804","(X)","815","±150","815","(X)","797","±203","797","(X)","1,014","±134","1,014","(X)","2,145","±285","2,145","(X)"
"        Less than 10.0 percent","788","±178","36.1%","±6.9","504","±115","44.2%","±8.3","290","±96","36.3%","±10.5","477","±198","48.1%","±15.9","614","±143","44.4%","±7.8","695","±144","51.4%","±7.3","364","±122","28.8%","±9.2","411","±92","34.9%","±7.3","298","±89","40.0%","±8.9","456","±123","45.6%","±9.2","303","±130","33.2%","±11.6","893","±206","39.3%","±6.2","318","±115","39.6%","±12.4","217","±91","26.6%","±10.0","251","±105","31.5%","±10.9","529","±103","52.2%","±7.4","860","±164","40.1%","±7.1"
"        10.0 to 14.9 percent","468","±113","21.4%","±4.7","216","±78","18.9%","±6.5","189","±72","23.7%","±7.7","217","±176","21.9%","±15.1","253","±81","18.3%","±5.4","209","±79","15.4%","±5.5","344","±128","27.2%","±8.3","196","±81","16.6%","±6.0","130","±64","17.4%","±8.9","205","±69","20.5%","±6.3","132","±73","14.5%","±7.7","382","±145","16.8%","±5.9","113","±61","14.1%","±7.3","236","±126","29.0%","±13.8","142","±105","17.8%","±11.4","275","±77","27.1%","±7.0","508","±159","23.7%","±6.7"
"        15.0 to 19.9 percent","318","±123","14.6%","±5.4","167","±78","14.6%","±6.3","75","±45","9.4%","±5.7","79","±75","8.0%","±7.5","130","±64","9.4%","±4.5","135","±65","10.0%","±5.0","152","±108","12.0%","±8.2","112","±42","9.5%","±3.4","28","±24","3.8%","±3.3","155","±69","15.5%","±7.0","176","±112","19.3%","±11.7","409","±142","18.0%","±5.6","80","±78","10.0%","±9.3","149","±82","18.3%","±9.9","141","±79","17.7%","±9.6","56","±26","5.5%","±2.6","235","±97","11.0%","±4.2"
"        20.0 to 24.9 percent","125","±66","5.7%","±3.0","87","±47","7.6%","±3.9","67","±44","8.4%","±5.5","0","±17","0.0%","±3.2","107","±61","7.7%","±4.5","106","±54","7.8%","±4.0","196","±97","15.5%","±7.2","144","±67","12.2%","±5.3","75","±66","10.1%","±8.3","34","±23","3.4%","±2.2","142","±91","15.6%","±9.3","123","±74","5.4%","±3.2","59","±44","7.3%","±5.2","35","±42","4.3%","±5.1","77","±51","9.7%","±6.1","21","±20","2.1%","±1.9","150","±90","7.0%","±3.8"
"        25.0 to 29.9 percent","93","±50","4.3%","±2.1","63","±37","5.5%","±3.2","66","±43","8.3%","±5.1","0","±17","0.0%","±3.2","116","±84","8.4%","±6.0","41","±34","3.0%","±2.6","11","±19","0.9%","±1.5","90","±51","7.6%","±4.3","68","±67","9.1%","±8.8","33","±39","3.3%","±3.9","25","±28","2.7%","±3.3","201","±122","8.8%","±5.1","23","±26","2.9%","±3.3","48","±53","5.9%","±6.3","62","±54","7.8%","±6.3","58","±45","5.7%","±4.4","71","±47","3.3%","±2.2"
"        30.0 to 34.9 percent","99","±70","4.5%","±3.0","6","±10","0.5%","±0.9","9","±15","1.1%","±1.9","99","±117","10.0%","±11.8","39","±32","2.8%","±2.3","15","±17","1.1%","±1.2","45","±42","3.6%","±3.2","92","±55","7.8%","±4.5","42","±34","5.6%","±4.5","18","±24","1.8%","±2.4","63","±61","6.9%","±6.2","104","±92","4.6%","±3.8","71","±47","8.8%","±5.8","34","±38","4.2%","±4.6","86","±63","10.8%","±7.7","0","±22","0.0%","±3.2","25","±29","1.2%","±1.4"
"        35.0 percent or more","291","±120","13.3%","±4.9","97","±61","8.5%","±5.2","102","±78","12.8%","±8.8","120","±96","12.1%","±9.9","125","±82","9.0%","±5.4","152","±80","11.2%","±5.5","152","±74","12.0%","±5.7","133","±52","11.3%","±4.2","104","±66","14.0%","±8.2","98","±64","9.8%","±6.0","71","±55","7.8%","±5.8","162","±102","7.1%","±4.6","140","±86","17.4%","±10.6","96","±58","11.8%","±7.2","38","±32","4.8%","±3.9","75","±44","7.4%","±4.2","296","±124","13.8%","±5.2"
"        Not computed","138","±109","(X)","(X)","8","±11","(X)","(X)","0","±19","(X)","(X)","0","±17","(X)","(X)","0","±22","(X)","(X)","0","±22","(X)","(X)","15","±25","(X)","(X)","8","±10","(X)","(X)","0","±17","(X)","(X)","15","±17","(X)","(X)","0","±17","(X)","(X)","0","±22","(X)","(X)","13","±22","(X)","(X)","15","±23","(X)","(X)","35","±41","(X)","(X)","0","±22","(X)","(X)","0","±22","(X)","(X)"
"GROSS RENT","","","","","","","","","","","","","","","","","","","","","","","","","","","","","","","","","","","","","","","","","","","","","","","","","","","","","","","","","","","","","","","","","","","",""
"    Occupied units paying rent","4,319","±336","4,319","(X)","1,314","±194","1,314","(X)","1,397","±199","1,397","(X)","1,123","±337","1,123","(X)","3,287","±270","3,287","(X)","5,091","±373","5,091","(X)","2,932","±290","2,932","(X)","1,994","±225","1,994","(X)","1,618","±205","1,618","(X)","2,046","±243","2,046","(X)","1,790","±247","1,790","(X)","4,532","±418","4,532","(X)","1,206","±216","1,206","(X)","1,229","±223","1,229","(X)","1,400","±257","1,400","(X)","4,816","±281","4,816","(X)","2,075","±280","2,075","(X)"
"        Less than $500","372","±161","8.6%","±3.8","341","±112","26.0%","±7.1","234","±69","16.8%","±4.6","89","±72","7.9%","±6.7","241","±122","7.3%","±3.5","394","±134","7.7%","±2.5","181","±114","6.2%","±3.8","258","±90","12.9%","±4.5","419","±140","25.9%","±7.4","502","±129","24.5%","±5.5","234","±123","13.1%","±6.7","704","±171","15.5%","±3.6","111","±65","9.2%","±5.3","109","±79","8.9%","±6.2","145","±72","10.4%","±5.2","53","±38","1.1%","±0.8","8","±13","0.4%","±0.6"
"        $500 to $999","1,780","±267","41.2%","±5.1","715","±123","54.4%","±7.3","703","±139","50.3%","±6.5","340","±202","30.3%","±15.4","1,714","±274","52.1%","±7.6","3,601","±351","70.7%","±4.3","1,080","±240","36.8%","±7.4","1,061","±202","53.2%","±6.9","723","±167","44.7%","±9.4","1,297","±192","63.4%","±5.6","1,042","±232","58.2%","±9.7","2,393","±348","52.8%","±5.8","327","±134","27.1%","±9.8","664","±180","54.0%","±10.1","814","±235","58.1%","±11.9","785","±186","16.3%","±3.6","563","±176","27.1%","±7.3"
"        $1,000 to $1,499","1,198","±222","27.7%","±4.3","191","±73","14.5%","±5.2","409","±113","29.3%","±6.9","352","±189","31.3%","±14.4","711","±180","21.6%","±5.1","917","±205","18.0%","±3.9","1,074","±238","36.6%","±7.2","514","±122","25.8%","±5.6","358","±122","22.1%","±7.2","196","±81","9.6%","±3.7","477","±154","26.6%","±8.0","1,016","±218","22.4%","±4.5","473","±151","39.2%","±10.4","358","±123","29.1%","±9.1","370","±159","26.4%","±10.8","2,956","±287","61.4%","±5.1","547","±180","26.4%","±8.3"
"        $1,500 to $1,999","599","±154","13.9%","±3.5","35","±46","2.7%","±3.4","33","±26","2.4%","±1.9","152","±147","13.5%","±12.2","432","±176","13.1%","±5.1","97","±63","1.9%","±1.2","360","±115","12.3%","±3.9","138","±70","6.9%","±3.5","68","±47","4.2%","±3.0","23","±21","1.1%","±1.1","27","±46","1.5%","±2.6","165","±95","3.6%","±2.1","228","±100","18.9%","±7.5","70","±66","5.7%","±5.3","0","±17","0.0%","±2.3","715","±141","14.8%","±2.9","554","±137","26.7%","±5.8"
"        $2,000 to $2,499","258","±92","6.0%","±2.2","0","±17","0.0%","±2.4","0","±19","0.0%","±2.3","190","±181","16.9%","±15.6","57","±67","1.7%","±2.0","24","±27","0.5%","±0.5","200","±76","6.8%","±2.6","17","±16","0.9%","±0.8","0","±17","0.0%","±2.0","28","±43","1.4%","±2.1","0","±17","0.0%","±1.8","68","±86","1.5%","±1.9","67","±53","5.6%","±4.3","28","±34","2.3%","±2.8","71","±84","5.1%","±5.8","215","±94","4.5%","±1.9","261","±105","12.6%","±4.6"
"        $2,500 to $2,999","72","±63","1.7%","±1.4","0","±17","0.0%","±2.4","0","±19","0.0%","±2.3","0","±17","0.0%","±2.8","33","±41","1.0%","±1.2","25","±40","0.5%","±0.8","25","±31","0.9%","±1.1","0","±19","0.0%","±1.6","0","±17","0.0%","±2.0","0","±19","0.0%","±1.6","0","±17","0.0%","±1.8","86","±71","1.9%","±1.6","0","±19","0.0%","±2.7","0","±19","0.0%","±2.6","0","±17","0.0%","±2.3","16","±17","0.3%","±0.4","77","±77","3.7%","±3.7"
"        $3,000 or more","40","±31","0.9%","±0.7","32","±50","2.4%","±3.7","18","±19","1.3%","±1.4","0","±17","0.0%","±2.8","99","±85","3.0%","±2.6","33","±30","0.6%","±0.6","12","±19","0.4%","±0.7","6","±12","0.3%","±0.6","50","±69","3.1%","±4.1","0","±19","0.0%","±1.6","10","±19","0.6%","±1.1","100","±83","2.2%","±1.8","0","±19","0.0%","±2.7","0","±19","0.0%","±2.6","0","±17","0.0%","±2.3","76","±66","1.6%","±1.4","65","±53","3.1%","±2.6"
"        Median (dollars)","1,003","±54","(X)","(X)","657","±60","(X)","(X)","867","±64","(X)","(X)","1,254","±267","(X)","(X)","952","±35","(X)","(X)","745","±28","(X)","(X)","1,114","±120","(X)","(X)","856","±44","(X)","(X)","798","±65","(X)","(X)","666","±25","(X)","(X)","822","±63","(X)","(X)","810","±53","(X)","(X)","1,191","±130","(X)","(X)","924","±57","(X)","(X)","863","±132","(X)","(X)","1,223","±28","(X)","(X)","1,418","±153","(X)","(X)"
"        No rent paid","223","±112","(X)","(X)","70","±42","(X)","(X)","45","±32","(X)","(X)","54","±65","(X)","(X)","59","±56","(X)","(X)","84","±56","(X)","(X)","45","±39","(X)","(X)","85","±71","(X)","(X)","48","±43","(X)","(X)","92","±69","(X)","(X)","156","±113","(X)","(X)","241","±120","(X)","(X)","11","±17","(X)","(X)","28","±38","(X)","(X)","0","±17","(X)","(X)","43","±31","(X)","(X)","0","±22","(X)","(X)"
"GROSS RENT AS A PERCENTAGE OF HOUSEHOLD INCOME (GRAPI)","","","","","","","","","","","","","","","","","","","","","","","","","","","","","","","","","","","","","","","","","","","","","","","","","","","","","","","","","","","","","","","","","","","",""
"    Occupied units paying rent (excluding units where GRAPI cannot be computed)","4,256","±340","4,256","(X)","1,314","±194","1,314","(X)","1,388","±200","1,388","(X)","1,123","±337","1,123","(X)","3,256","±269","3,256","(X)","5,031","±367","5,031","(X)","2,899","±293","2,899","(X)","1,974","±226","1,974","(X)","1,544","±199","1,544","(X)","1,977","±233","1,977","(X)","1,749","±255","1,749","(X)","4,480","±420","4,480","(X)","1,200","±215","1,200","(X)","1,229","±223","1,229","(X)","1,386","±258","1,386","(X)","4,741","±290","4,741","(X)","2,059","±282","2,059","(X)"
"        Less than 15.0 percent","305","±94","7.2%","±2.2","194","±76","14.8%","±5.4","189","±80","13.6%","±5.7","0","±17","0.0%","±2.8","161","±80","4.9%","±2.5","625","±176","12.4%","±3.5","417","±186","14.4%","±5.9","283","±97","14.3%","±4.7","111","±53","7.2%","±3.4","403","±108","20.4%","±4.7","106","±87","6.1%","±5.0","675","±199","15.1%","±4.2","134","±85","11.2%","±6.9","227","±135","18.5%","±10.2","66","±56","4.8%","±4.0","509","±146","10.7%","±3.0","124","±73","6.0%","±3.5"
"        15.0 to 19.9 percent","487","±164","11.4%","±4.0","180","±94","13.7%","±7.3","76","±43","5.5%","±3.0","120","±94","10.7%","±8.4","524","±191","16.1%","±5.9","676","±159","13.4%","±3.1","334","±154","11.5%","±5.3","262","±109","13.3%","±5.0","338","±115","21.9%","±7.0","199","±112","10.1%","±5.6","252","±132","14.4%","±7.6","546","±196","12.2%","±4.2","150","±90","12.5%","±7.6","120","±72","9.8%","±5.9","184","±112","13.3%","±7.9","474","±138","10.0%","±2.8","211","±98","10.2%","±4.4"
"        20.0 to 24.9 percent","374","±145","8.8%","±3.4","142","±74","10.8%","±5.1","94","±54","6.8%","±3.6","176","±157","15.7%","±13.5","247","±142","7.6%","±4.3","485","±178","9.6%","±3.5","260","±146","9.0%","±5.0","272","±90","13.8%","±4.1","238","±104","15.4%","±6.5","154","±79","7.8%","±3.8","298","±150","17.0%","±7.6","525","±180","11.7%","±3.9","225","±110","18.8%","±8.1","100","±61","8.1%","±5.0","160","±120","11.5%","±8.2","856","±199","18.1%","±4.0","261","±102","12.7%","±5.0"
"        25.0 to 29.9 percent","429","±149","10.1%","±3.4","230","±109","17.5%","±7.3","151","±72","10.9%","±5.4","86","±80","7.7%","±7.8","544","±188","16.7%","±5.3","622","±163","12.4%","±3.2","158","±79","5.5%","±2.7","249","±87","12.6%","±4.5","236","±98","15.3%","±6.3","177","±77","9.0%","±3.8","139","±96","7.9%","±5.1","365","±128","8.1%","±2.9","102","±75","8.5%","±6.2","158","±91","12.9%","±7.1","213","±142","15.4%","±10.1","385","±133","8.1%","±2.7","402","±170","19.5%","±7.6"
"        30.0 to 34.9 percent","419","±140","9.8%","±3.2","137","±90","10.4%","±6.6","223","±96","16.1%","±6.0","249","±203","22.2%","±15.9","245","±84","7.5%","±2.4","362","±118","7.2%","±2.3","162","±97","5.6%","±3.4","175","±69","8.9%","±3.5","152","±97","9.8%","±5.8","259","±114","13.1%","±5.3","106","±61","6.1%","±3.4","287","±170","6.4%","±3.7","128","±66","10.7%","±5.1","114","±78","9.3%","±6.0","133","±106","9.6%","±7.3","519","±165","10.9%","±3.4","266","±102","12.9%","±4.9"
"        35.0 percent or more","2,242","±321","52.7%","±5.2","431","±121","32.8%","±8.6","655","±138","47.2%","±7.2","492","±248","43.8%","±17.0","1,535","±256","47.1%","±7.2","2,261","±315","44.9%","±4.9","1,568","±269","54.1%","±7.5","733","±154","37.1%","±6.3","469","±125","30.4%","±7.0","785","±170","39.7%","±7.7","848","±205","48.5%","±10.3","2,082","±367","46.5%","±6.6","461","±163","38.4%","±11.3","510","±172","41.5%","±12.0","630","±203","45.5%","±12.0","1,998","±225","42.1%","±4.4","795","±194","38.6%","±7.2"
"        Not computed","286","±134","(X)","(X)","70","±42","(X)","(X)","54","±35","(X)","(X)","54","±65","(X)","(X)","90","±63","(X)","(X)","144","±66","(X)","(X)","78","±52","(X)","(X)","105","±72","(X)","(X)","122","±105","(X)","(X)","161","±90","(X)","(X)","197","±105","(X)","(X)","293","±130","(X)","(X)","17","±21","(X)","(X)","28","±38","(X)","(X)","14","±24","(X)","(X)","118","±60","(X)","(X)","16","±23","(X)","(X)"